요양기관명,종별코드명,시도코드명,시군구코드,시군구코드명,주소,좌표(X),좌표(Y)
365열린연합의원,의원,세종시,410000,세종시,"세종특별자치시 마음로 74, 302.303호 (고운동, 그랜드프라자)",127.2340604,36.50531
가온한의원,한의원,세종시,410000,세종시,"세종특별자치시 한누리대로 492, 청암홈빌딩 306호 (어진동)",127.2622919,36.5073947
강남 더 뷰티 성형외과의원,의원,세종시,410000,세종시,"세종특별자치시 한누리대로 169, 스타벅스 행복타워 303호,305호,308호 (나성동)",127.2618223,36.4802343
강남세종치과의원,치과의원,세종시,410000,세종시,"세종특별자치시 마음로 264, 고운프라자 2층 205호 (고운동)",127.2346888,36.5193249
강남세종한방병원,한방병원,세종시,410000,세종시,"세종특별자치시 한누리대로 2275, 알파메디컬센터 4~6층 (대평동)",127.2763919,36.4715494
강남치과의원,치과의원,세종시,410000,세종시,"세종특별자치시  금남면 용포로 63, 2층",127.280587,36.4643919
건강한가족의원,의원,세종시,410000,세종시,"세종특별자치시 보듬3로 8-12, 101-2.102호 (도담동, 라온프라이빗시티1상가)",127.2587803,36.5134339
경희고운한의원,한의원,세종시,410000,세종시,"세종특별자치시 마음로 264, 301층 (고운동, 고운프라자)",127.2346888,36.5193249
경희바른몸한의원,한의원,세종시,410000,세종시,"세종특별자치시 한누리대로 2022, 504호,505호 (소담동, 아크레타 아이콤스타타워)",127.2991555,36.4844894
경희부부한의원,한의원,세종시,410000,세종시,"세종특별자치시 절재로 194, 중앙타운 302(일부)호 (어진동)",127.2624604,36.5082343
경희으뜸한의원,한의원,세종시,410000,세종시,"세종특별자치시 다정중앙로 51, 더다정빌딩 2층 203호 (다정동)",127.248559,36.4949999
경희일구한의원,한의원,세종시,410000,세종시,"세종특별자치시 조치원읍 새내로 88-2, (조치원읍)",127.2985786,36.5996206
경희피어라한의원,한의원,세종시,410000,세종시,"세종특별자치시 아름서1길 13-12, 세종 제이디빌딩 203호 (아름동)",127.243243,36.5116515
경희한의원,한의원,세종시,410000,세종시,"세종특별자치시 한누리대로 583, 도담센트럴프라자 403호 (도담동)",127.2584602,36.5152951
계림한의원,한의원,세종시,410000,세종시,"세종특별자치시 다정중앙로 58, 다정메디프라자 403호 (다정동)",127.2492274,36.495625
고명철정형외과의원,의원,세종시,410000,세종시,"세종특별자치시 조치원읍 새내로 77, 77",127.298413,36.598657
고운마음한의원,한의원,세종시,410000,세종시,"세종특별자치시 고운서길 19, 304호 (고운동, 스마트큐브1)",127.2339799,36.5058406
고운맘소아청소년과의원,의원,세종시,410000,세종시,"세종특별자치시 마음로 70, 304호 (고운동, 에셀프라자)",127.2343732,36.5050816
고운소아청소년과의원,의원,세종시,410000,세종시,"세종특별자치시 남세종로 454, 405호 (보람동, 강남제일타워)",127.2897062,36.477252
곰돌이 소아청소년과의원,의원,세종시,410000,세종시,"세종특별자치시 달빛로 47, 302호 (종촌동, 종촌파크프라자)",127.2499068,36.5031568
광제중국한의원,한의원,세종시,410000,세종시,"세종특별자치시 조치원읍 조치원로 42, 2층",127.3015029,36.6014752
굿모닝가정의학과의원,의원,세종시,410000,세종시,"세종특별자치시 조치원읍 으뜸길 208, 208",127.2970559,36.6008024
굿제이산부인과의원,의원,세종시,410000,세종시,"세종특별자치시 절재로 194, 중앙타운 303호 (어진동)",127.2624604,36.5082343
금강한의원,한의원,세종시,410000,세종시,"세종특별자치시 조치원읍 조치원로 22, 4층",127.2991293,36.6011976
금남면보건지소,보건지소,세종시,410000,세종시,"세종특별자치시 금남면 용포로 59, (금남면)",127.2805402,36.464115
금동치과의원,치과의원,세종시,410000,세종시,"세종특별자치시 새롬중앙로 62-15, 505호 (새롬동, 해피라움W)",127.251249,36.486926
금빛한의원,한의원,세종시,410000,세종시,"세종특별자치시 조치원읍 조치원4길 16, 1층",127.2986292,36.6007113
김내과의원,의원,세종시,410000,세종시,"세종특별자치시 조치원읍 새내로 98, 98",127.2986031,36.6005673
김만주정성치과의원,치과의원,세종시,410000,세종시,"세종특별자치시 소담1로 16, 지엘플렉스2 404호 (소담동)",127.3011073,36.4845761
김승환이비인후과의원,의원,세종시,410000,세종시,"세종특별자치시 조치원읍 새내로 88-1, 88",127.2986527,36.5997257
김종열한의원,한의원,세종시,410000,세종시,"세종특별자치시 한누리대로 2275, 알파메디컬센터 3층 312,313호 (대평동)",127.2763919,36.4715494
김진용치과의원,치과의원,세종시,410000,세종시,"세종특별자치시 조치원읍 조치원로 22, 22",127.2991293,36.6011976
꿈담소아청소년과의원,의원,세종시,410000,세종시,"세종특별자치시 마음로 264, 고운프라자 2층 201-1호, 201-2호 (고운동)",127.2346888,36.5193249
나은정형외과의원,의원,세종시,410000,세종시,"세종특별자치시 보듬3로 143, 502,503호 (아름동, 대영프라자)",127.2436211,36.5116275
남부통합보건지소,보건지소,세종시,410000,세종시,"세종특별자치시 새롬로 14, 3층 (새롬동)",127.2565662,36.4861376
노블클라쎄산부인과의원,의원,세종시,410000,세종시,"세종특별자치시 한누리대로 2165, 호려울마을7단지 근린생활시설 752동 A302~308-1, A315~A320호 (보람동)",127.2865004,36.4773068
누가연합의원,의원,세종시,410000,세종시,"세종특별자치시 전의면 읍내길 7, (전의면)",127.2044073,36.6800159
누가치과의원,치과의원,세종시,410000,세종시,"세종특별자치시 조치원읍 새내로 88-1, 4층",127.2986527,36.5997257
누리마루치과의원,치과의원,세종시,410000,세종시,"세종특별자치시 도움8로 81, A동 301호 (어진동)",127.2708516,36.5046913
다솜가정의학과의원,의원,세종시,410000,세종시,"세종특별자치시 조치원읍 도원1로 16, (푸르지오 상가 208. 209호)",127.2898813,36.5925694
다인치과의원,치과의원,세종시,410000,세종시,"세종특별자치시 조치원읍 새내9길 3, 2,3층",127.2981059,36.6001774
다정내과의원,의원,세종시,410000,세종시,"세종특별자치시 다정중앙로 57, 다정센타프라자 306,307호 (다정동)",127.2485084,36.4956266
다정서문365정형외과의원,의원,세종시,410000,세종시,"세종특별자치시 다정중앙로 52, 페스티발2 605~614호 (다정동)",127.2492573,36.4951815
다정소아청소년과의원,의원,세종시,410000,세종시,"세종특별자치시 다정북로 109, 204,205호 (다정동, 가온마을3단지)",127.2427341,36.497762
다정한의원,한의원,세종시,410000,세종시,"세종특별자치시 새롬중앙로 59, 302호 (새롬동, 새롬빌딩)",127.2503167,36.4860741
단국대학교 치과대학 세종치과병원,치과병원,세종시,410000,세종시,"세종특별자치시 도움8로 87, 단국빌딩 1(일부), 3층 (어진동)",127.2711462,36.5044141
당신의치과의원,치과의원,세종시,410000,세종시,"세종특별자치시 해밀3로 51, 스카이허브 404,405호 (해밀동)",127.2650247,36.5290997
대성한의원,한의원,세종시,410000,세종시,"세종특별자치시 조치원읍 도원2로 39, (조치원읍)",127.2870288,36.592725
대중한의원,한의원,세종시,410000,세종시,"세종특별자치시 전의면 만세길 22, (전의면)",127.2044795,36.6789546
더공감정신건강의학과의원,의원,세종시,410000,세종시,"세종특별자치시 한누리대로 2135, 스타힐타워1 304호 (보람동)",127.2891042,36.4783531
더본한의원,한의원,세종시,410000,세종시,"세종특별자치시 소담로 93, 아이콤스타시티타워 205,206,207호 (소담동)",127.3014266,36.4857449
더브라운치과의원,치과의원,세종시,410000,세종시,"세종특별자치시 마음로 272-3, 고운에듀프라자 303,304호 (고운동)",127.2358501,36.5197309
더블유성형외과의원,의원,세종시,410000,세종시,"세종특별자치시 한누리대로 245, 401호 (나성동, 에스알파크원)",127.2576476,36.4860984
더블유세종어진건강의원,의원,세종시,410000,세종시,"세종특별자치시 한누리대로 350, 뱅크빌딩 4층 401호 (어진동)",127.2572294,36.495415
더플랜트치과의원,치과의원,세종시,410000,세종시,"세종특별자치시 아름서1길 13-12, 403,404호 (아름동, 제이디빌딩)",127.243243,36.5116515
덴탈365치과의원,치과의원,세종시,410000,세종시,"세종특별자치시 한누리대로 1958, 법조타운A 3층 301~310호 (소담동)",127.3022365,36.4894906
도담도담소아청소년과의원,의원,세종시,410000,세종시,"세종특별자치시 보듬3로 6, 212호 (도담동, 라온프라이빗시티2상가)",127.2589409,36.5128445
도담민들레치과의원,치과의원,세종시,410000,세종시,"세종특별자치시 보듬3로 8-27, 403-1호 (도담동, 새한빌딩)",127.2578153,36.5146905
도란도란소아청소년과의원,의원,세종시,410000,세종시,"세종특별자치시 다정중앙로 57, 다정센타프라자 303호 (다정동)",127.2485084,36.4956266
도치소아치과의원,치과의원,세종시,410000,세종시,"세종특별자치시 다정중앙로 51, 더다정빌딩 505호 (다정동)",127.248559,36.4949999
동경한의원,한의원,세종시,410000,세종시,"세종특별자치시 소담3로 8, 새샘마을7단지 근린생활시설 1층 5호 (소담동)",127.3005188,36.4859371
동인한의원,한의원,세종시,410000,세종시,"세종특별자치시 호려울로 19, 스마트허브Ⅲ 304호 (보람동)",127.2889044,36.4773679
동행정신건강의학과의원,의원,세종시,410000,세종시,"세종특별자치시 절재로 194, 중앙타운 704호 (어진동)",127.2624604,36.5082343
두리이비인후과의원,의원,세종시,410000,세종시,"세종특별자치시 절재로 194, 중앙타운 801,802호 (어진동)",127.2624604,36.5082343
두미소신경과의원,의원,세종시,410000,세종시,"세종특별자치시 한누리대로 249, 에스제이타워 408~410,507호 (나성동)",127.2574385,36.4864392
두치과의원,치과의원,세종시,410000,세종시,"세종특별자치시 달빛로 59, 402.403.404호 (종촌동, 호만빌딩)",127.2497581,36.5042368
둥구나무한의원,한의원,세종시,410000,세종시,"세종특별자치시 금남면 용포로 80, 3층",127.2814867,36.4657609
드림내과의원,의원,세종시,410000,세종시,"세종특별자치시 새롬중앙로 55, 401호,402호403호 (새롬동, 행운빌딩)",127.2504172,36.4857969
드림이비인후과의원,의원,세종시,410000,세종시,"세종특별자치시 남세종로 458, 아리랑빌딩 201,202호 (보람동)",127.289221,36.4770471
디어트치과의원,치과의원,세종시,410000,세종시,"세종특별자치시 한누리대로 2275, 알파메디컬센터 303~306호 (대평동)",127.2763919,36.4715494
따뜻한 정신건강의학과의원,의원,세종시,410000,세종시,"세종특별자치시 한누리대로 2257, 판타지타워 304호 (대평동)",127.2780049,36.4726172
라메종의원,의원,세종시,410000,세종시,"세종특별자치시 해밀3로 43, 스카이드림 503호 (해밀동)",127.2644917,36.5285836
라비에피부과의원,의원,세종시,410000,세종시,"세종특별자치시 다정중앙로 51, 더다정빌딩 501,502,503호 (다정동)",127.248559,36.4949999
라온소아청소년과의원,의원,세종시,410000,세종시,"세종특별자치시 새롬중앙로 62-15, 해피라움W 303,304호 (새롬동)",127.251249,36.486926
로뎀소아청소년과의원,의원,세종시,410000,세종시,"세종특별자치시 다정중앙로 52, 페스티발2 402~404호 (다정동)",127.2492573,36.4951815
로안한의원,한의원,세종시,410000,세종시,"세종특별자치시 한누리대로 1844, 402,403호 (반곡동)",127.3099443,36.4978764
류마플러스내과의원,의원,세종시,410000,세종시,"세종특별자치시 한누리대로 499, 청암빌딩 401호 (어진동)",127.2611239,36.5080759
리더본재활의학과의원,의원,세종시,410000,세종시,"세종특별자치시 나성북로 30, 퍼스트원 6층 648호~655호 (나성동)",127.2602452,36.4890738
마음그린한의원,한의원,세종시,410000,세종시,"세종특별자치시 조치원읍 새내6길 3, 3",127.2987733,36.5984026
마음편한치과의원,치과의원,세종시,410000,세종시,"세종특별자치시 남세종로 458, 아리랑빌딩 303호 (보람동)",127.289221,36.4770471
마음현정신건강의학과의원,의원,세종시,410000,세종시,"세종특별자치시 한누리대로 275, 형성프라자 6층 606,607호 (나성동)",127.2563759,36.4888054
마인드랩공간정신건강의학과의원,의원,세종시,410000,세종시,"세종특별자치시 한누리대로 265, 명동프라자 406~407호 (나성동)",127.2567369,36.4878216
맑은내과외과의원,의원,세종시,410000,세종시,"세종특별자치시 달빛로 45, The Riverside 401~404, 503호 (종촌동)",127.2499705,36.5029419
맘애든치과의원,치과의원,세종시,410000,세종시,"세종특별자치시 도움3로 105-8, 501.502호 (종촌동, 신목빌딩)",127.2492225,36.5043082
매일연합의원,의원,세종시,410000,세종시,"세종특별자치시 절재로 154, 1층 (어진동, 홈플러스 세종점)",127.2588023,36.5073644
메디캐치 정형외과의원,의원,세종시,410000,세종시,"세종특별자치시  마음로 272-17, 세종 NS타워 3차 4층 (고운동)",127.2352862,36.5184972
메디캐치의원,의원,세종시,410000,세종시,"세종특별자치시  마음로 272-17, 세종NS타워 3차 3층 (고운동)",127.2352862,36.5184972
메디컬뱅크치과의원,치과의원,세종시,410000,세종시,"세종특별자치시 한누리대로 350, 뱅크빌딩 4층 2호 (어진동)",127.2572294,36.495415
모드니치과의원,치과의원,세종시,410000,세종시,"세종특별자치시 금송로 687, 3층 (가람동, 이마트세종점)",127.2509531,36.4709135
목은한의원,한의원,세종시,410000,세종시,"세종특별자치시 한누리대로 169, 세종행복타워 302호 (나성동)",127.2618223,36.4802343
문내과의원,의원,세종시,410000,세종시,"세종특별자치시 조치원읍 조치원로 22, 22",127.2991293,36.6011976
문치과의원,치과의원,세종시,410000,세종시,"세종특별자치시 조치원읍 대첩로 75, 75",127.287912,36.5947003
미애로여성의원,의원,세종시,410000,세종시,"세종특별자치시 한누리대로 253, 에스빌딩 603호,604호 (나성동)",127.2572291,36.4868089
바로선한의원,한의원,세종시,410000,세종시,"세종특별자치시 새롬중앙로 33, 새뜸프라자 302호 (새롬동)",127.2518361,36.4840497
바른명치과의원,치과의원,세종시,410000,세종시,"세종특별자치시 한누리대로 583, 도담센트럴프라자 302,303,304,504,505호 (도담동)",127.2584602,36.5152951
바른뿌리치과의원,치과의원,세종시,410000,세종시,"세종특별자치시 조치원읍 새내8길 7, 2층",127.2988715,36.5994701
바른우리치과교정과치과의원,치과의원,세종시,410000,세종시,"세종특별자치시 새롬중앙로 64, 301~302호 (새롬동, 세종영광프라자)",127.2509811,36.4866487
바른치과의원,치과의원,세종시,410000,세종시,"세종특별자치시 한누리대로 253, 에스빌딩 502호 (나성동)",127.2572291,36.4868089
바른한의원,한의원,세종시,410000,세종시,"세종특별자치시 달빛로 59, 호만빌딩 203호,301호,302호 (종촌동)",127.2497581,36.5042368
박성섭한의원,한의원,세종시,410000,세종시,"세종특별자치시 조치원읍 조치원4길 6, 6",127.2986374,36.6011345
박소영한의원,한의원,세종시,410000,세종시,"세종특별자치시 도움1로 108, 413호 (종촌동, 몰리브)",127.247577,36.5026384
박승룡한의원,한의원,세종시,410000,세종시,"세종특별자치시 달빛로 47, 202호 (종촌동, 종촌파크프라자)",127.2499068,36.5031568
박정준한의원,한의원,세종시,410000,세종시,"세종특별자치시 고운서길 7, 골드프라자 202호 (고운동)",127.2347667,36.5053178
박종석치과의원,치과의원,세종시,410000,세종시,"세종특별자치시 조치원읍 장안로 1, (조치원읍)",127.3013597,36.6014311
반곡한의원,한의원,세종시,410000,세종시,"세종특별자치시 한누리대로 1824, 조이프라자 405~406호 (반곡동)",127.312127,36.4980948
반달한의원,한의원,세종시,410000,세종시,"세종특별자치시 다정중앙로 57, 다정센타프라자 203호 (다정동)",127.2485084,36.4956266
백내과의원,의원,세종시,410000,세종시,"세종특별자치시 조치원읍 조치원2길 5, 2~4층",127.2975876,36.601021
백상한의원,한의원,세종시,410000,세종시,"세종특별자치시 조치원읍 새내10길 13, 13",127.2989217,36.6005048
백앤미의원,의원,세종시,410000,세종시,"세종특별자치시 절재로 194, 510호 (어진동, 중앙타운)",127.2624604,36.5082343
백헌한의원,한의원,세종시,410000,세종시,"세종특별자치시 한누리대로 1828, 시드니블루 407,408호 (반곡동)",127.3117411,36.4980544
범지기한의원,한의원,세종시,410000,세종시,"세종특별자치시 보듬3로 101, 2층 201,202호 (아름동)",127.2484095,36.5114037
보성치과의원,치과의원,세종시,410000,세종시,"세종특별자치시 조치원읍 조치원2길 5, 5",127.2975876,36.601021
본한의원,한의원,세종시,410000,세종시,"세종특별자치시 한누리대로 2135, 스타힐타워1 201,202호 (보람동)",127.2891042,36.4783531
봄뜰부부한의원,한의원,세종시,410000,세종시,"세종특별자치시 남세종로 466, 303호 (보람동, 아평빌딩)",127.288437,36.4767037
봄봄 이비인후과의원,의원,세종시,410000,세종시,"세종특별자치시 마음로 78, 세종 스마트큐브Ⅱ 203,204호 (고운동)",127.233744,36.5055731
부강면보건지소,보건지소,세종시,410000,세종시,"세종특별자치시 부강면 부강5길 38, (부강면사무소)",127.37092,36.5297262
부강부부치과의원,치과의원,세종시,410000,세종시,"세종특별자치시 부강면 부촌길 39, 1층",127.3667183,36.5296588
부강수플란트치과의원,치과의원,세종시,410000,세종시,"세종특별자치시 부강면 부촌길 29, (부강면)",127.3672882,36.5289291
부강제일의원,의원,세종시,410000,세종시,"세종특별자치시 부강면 부강5길 11-1, (부강면)",127.3682714,36.5286527
부강한의원,한의원,세종시,410000,세종시,"세종특별자치시 부강면 부강1길 5, (부강면)",127.365506,36.5309544
부부내과의원,의원,세종시,410000,세종시,"세종특별자치시 금남면 용포로 113, 113",127.2811918,36.4683611
부부치과의원,치과의원,세종시,410000,세종시,"세종특별자치시 조치원읍 도원2로 39, 2층",127.2870288,36.592725
부영의원,의원,세종시,410000,세종시,"세종특별자치시 부강면 부강로 37-1, 1~2층",127.3660282,36.529242
브이유의원,의원,세종시,410000,세종시,"세종특별자치시  나성북로 21, 센트럴타워 506호 (나성동)",127.2589217,36.4898187
블랑피부과의원,의원,세종시,410000,세종시,"세종특별자치시 절재로 194, 중앙타운 301호,302(일부)호 (어진동)",127.2624604,36.5082343
블리비의원,의원,세종시,410000,세종시,"세종특별자치시 한누리대로 275, 형성프라자 301호~303호 (나성동)",127.2563759,36.4888054
비쥬얼피부과의원,의원,세종시,410000,세종시,"세종특별자치시 한누리대로 273, 새롬씨티 3층 302,303,304호 (나성동)",127.2564824,36.4884841
사상참경희한의원,한의원,세종시,410000,세종시,"세종특별자치시 새롬중앙로 34, 408호 (새롬동, 크리스마스빌딩)",127.2524926,36.4845919
산돌한의원,한의원,세종시,410000,세종시,"세종특별자치시 도움1로 106, 메가시티 502,508,509,514호 (종촌동)",127.2481238,36.502816
삼성마음그린정신건강의학과의원,의원,세종시,410000,세종시,"세종특별자치시 한누리대로 253, 에스빌딩 301호,505호 (나성동)",127.2572291,36.4868089
삼성미의원,의원,세종시,410000,세종시,"세종특별자치시 도움1로 108, 몰리브(Mallive) 4층 405~406호 (종촌동)",127.247577,36.5026384
삼성밸런스이비인후과의원,의원,세종시,410000,세종시,"세종특별자치시 아름서1길 13-12, 세종 제이디빌딩 201,202호 (아름동)",127.243243,36.5116515
삼성온가족치과의원,치과의원,세종시,410000,세종시,"세종특별자치시 도움1로 106, 510호 (종촌동, 메가시티)",127.2481238,36.502816
삼성전기(주) 부속의원,의원,세종시,410000,세종시,"세종특별자치시 연동면 삼성길 25, 4동 1층",127.3342958,36.5406447
삼성필성형외과의원,의원,세종시,410000,세종시,"세종특별자치시 한누리대로 265, 명동프라자 3층 (나성동)",127.2567369,36.4878216
상쾌한이비인후과의원,의원,세종시,410000,세종시,"세종특별자치시 새롬중앙로 59, 403호 (새롬동, 새롬빌딩)",127.2503167,36.4860741
새롬숲치과의원,치과의원,세종시,410000,세종시,"세종특별자치시 새롬중앙로 34, 311호 (새롬동, 크리스마스빌딩)",127.2524926,36.4845919
새롬정형외과의원,의원,세종시,410000,세종시,"세종특별자치시 새롬중앙로 34, 415호,416호,417호 (새롬동, 크리스마스빌딩)",127.2524926,36.4845919
새롬한의원,한의원,세종시,410000,세종시,"세종특별자치시 새롬중앙로 51, 303호 (새롬동, 에스월드빌딩)",127.2504878,36.4855255
새봄빛한의원,한의원,세종시,410000,세종시,"세종특별자치시 부강면 부강로 53, 2층 201호 (세종클리닉)",127.3650651,36.5305333
새서울치과의원,치과의원,세종시,410000,세종시,"세종특별자치시 금남면 용포로 113, 113",127.2811918,36.4683611
새온치과의원,치과의원,세종시,410000,세종시,"세종특별자치시 새롬중앙로 67, 304호 (새롬동, 오렌지빌딩)",127.2502282,36.4868892
생생당한의원,한의원,세종시,410000,세종시,"세종특별자치시 한누리대로 2144, 스마트허브Ⅱ 301호 (보람동)",127.2880089,36.4787706
서문365정형외과의원,의원,세종시,410000,세종시,"세종특별자치시 한누리대로 2281, SM메디컬센터 3층 (대평동)",127.2759102,36.4712866
서산부인과의원,의원,세종시,410000,세종시,"세종특별자치시 보듬3로 150, 아름 행복타워 3,4층 (아름동)",127.2430055,36.5122628
서울굿닥터의원,의원,세종시,410000,세종시,"세종특별자치시 새롬중앙로 55, 3층 (새롬동, 행운빌딩)",127.2504172,36.4857969
서울굿모닝치과의원,치과의원,세종시,410000,세종시,"세종특별자치시 도움3로 105-5, 505.506호 (종촌동, 종촌중앙프라자)",127.2495396,36.504761
서울바른이치과의원,치과의원,세종시,410000,세종시,"세종특별자치시 다정중앙로 39, 다정센터프라자2 504호 (다정동)",127.2486688,36.494013
서울봄빛안과의원,의원,세종시,410000,세종시,"세종특별자치시 한누리대로 265, 명동프라자 603~607호 (나성동)",127.2567369,36.4878216
서울봄빛치과의원,치과의원,세종시,410000,세종시,"세종특별자치시 절재로 194, 중앙타운 401,402,405호 (어진동)",127.2624604,36.5082343
서울삼성안과의원,의원,세종시,410000,세종시,"세종특별자치시 도움1로 106, 메가시티 403,404,414호 (종촌동)",127.2481238,36.502816
서울삼성이비인후과의원,의원,세종시,410000,세종시,"세종특별자치시 한누리대로 275, 형성프라자 401~404호 (나성동)",127.2563759,36.4888054
서울소담치과의원,치과의원,세종시,410000,세종시,"세종특별자치시 한누리대로 2018, 304~305호 (소담동, 사이언스타운)",127.2993632,36.4847414
서울신통마취통증의학과의원,의원,세종시,410000,세종시,"세종특별자치시 조치원읍 새내로 97, 3층",127.2980437,36.600399
서울아산내과의원,의원,세종시,410000,세종시,"세종특별자치시 조치원읍 새내로 97, 2층, 7층",127.2980437,36.600399
서울아산신경외과의원,의원,세종시,410000,세종시,"세종특별자치시 나성북로 9, 701,702호 (나성동, 메가타워1)",127.2578795,36.4896561
서울아산재활의학과의원,의원,세종시,410000,세종시,"세종특별자치시 절재로 194, 중앙타운 4층 406호 (어진동)",127.2624604,36.5082343
서울연합외과의원,의원,세종시,410000,세종시,"세종특별자치시 조치원읍 조치원로 22, 3층",127.2991293,36.6011976
서울연합의원,의원,세종시,410000,세종시,"세종특별자치시 소정면 소정구길 164, 103,201호",127.1568091,36.7186524
서울온가족치과의원,치과의원,세종시,410000,세종시,"세종특별자치시 한누리대로 1844, 404,405,406호 (반곡동)",127.3099443,36.4978764
서울외과의원,의원,세종시,410000,세종시,"세종특별자치시 조치원읍 새내로 68-1, (조치원읍)",127.2988423,36.5980648
서울이사랑치과의원,치과의원,세종시,410000,세종시,"세종특별자치시 조치원읍 세종로 2282, 3층 302,303호",127.2921118,36.5910595
서울좋은치과의원,치과의원,세종시,410000,세종시,"세종특별자치시 한누리대로 193, 301호 (나성동, 참미르빌딩)",127.2605134,36.4820673
서울치과의원,치과의원,세종시,410000,세종시,"세종특별자치시 조치원읍 새내로 91, 1.2.3층",127.2980091,36.5999837
서울현병원,병원,세종시,410000,세종시,"세종특별자치시 나성북로 15, MVG 4-7층 (나성동)",127.2583865,36.4897295
선비뇨기과의원,의원,세종시,410000,세종시,"세종특별자치시 조치원읍 조치원로 26, (조치원읍)",127.2995688,36.6013148
성가정신건강의학과의원,의원,세종시,410000,세종시,"세종특별자치시 조치원읍 새내로 97, 5층 1호",127.2980437,36.600399
성모안과의원,의원,세종시,410000,세종시,"세종특별자치시 조치원읍 새내로 97, 601호",127.2980437,36.600399
성모이비인후과의원,의원,세종시,410000,세종시,"세종특별자치시 조치원읍 조치원로 7, (조치원읍)",127.2976156,36.6014527
성심외과의원,의원,세종시,410000,세종시,"세종특별자치시 조치원읍 새내로 113, (조치원읍)",127.2977103,36.6019295
성원치과의원,치과의원,세종시,410000,세종시,"세종특별자치시 절재로 194, 408.409호 (어진동, 세종드림)",127.2624604,36.5082343
세미이비인후과의원,의원,세종시,410000,세종시,"세종특별자치시 한누리대로 1824, 3층 301~303,308호 (반곡동)",127.312127,36.4980948
세움소아청소년과의원,의원,세종시,410000,세종시,"세종특별자치시 보듬3로 92, 310호 (아름동, 해피라움2상가)",127.2494741,36.5119072
세움치과의원,치과의원,세종시,410000,세종시,"세종특별자치시 보듬3로 92, 310호 (아름동, 해피라움2상가)",127.2494741,36.5119072
세종 어린이 치과의원,치과의원,세종시,410000,세종시,"세종특별자치시 보듬3로 91, 305호 (아름동, 해피라움4상가)",127.2495907,36.5113452
세종 정형외과의원,의원,세종시,410000,세종시,"세종특별자치시 한누리대로 583, 도담센트럴프라자 501,502,506호 (도담동)",127.2584602,36.5152951
세종365의원,의원,세종시,410000,세종시,"세종특별자치시 한누리대로 1958, 법조타운A 4층 401~410호 (소담동)",127.3022365,36.4894906
세종365치과의원,치과의원,세종시,410000,세종시,"세종특별자치시 한누리대로 245, 에스알파크원 402,403호 (나성동)",127.2576476,36.4860984
세종가톨릭정형외과의원,의원,세종시,410000,세종시,"세종특별자치시 도움1로 106, 401~402호,405~408호,416호 (종촌동, 메가시티)",127.2481238,36.502816
세종경희한방병원,한방병원,세종시,410000,세종시,"세종특별자치시 대평4길 17, 센트럴테라스 4, 5층 (대평동)",127.2759599,36.4732517
세종경희한의원,한의원,세종시,410000,세종시,"세종특별자치시 한누리대로 165, 세종메디피아 310호 (나성동)",127.2620398,36.4799392
세종고려정형외과의원,의원,세종시,410000,세종시,"세종특별자치시 한누리대로 2143, 금강시티타워 303~306호 (보람동)",127.2884324,36.4780565
세종국민건강의원,의원,세종시,410000,세종시,"세종특별자치시 가온로 8, 혜원빌딩 2~3층 (다정동)",127.2549045,36.4914677
세종금남치과의원,치과의원,세종시,410000,세종시,"세종특별자치시 금남면 용포로 80, 2층",127.2814867,36.4657609
세종김안과의원,의원,세종시,410000,세종시,"세종특별자치시 보듬3로 150, 아름 행복타워 5층 501,502,503호 (아름동)",127.2430055,36.5122628
세종김연수피부과의원,의원,세종시,410000,세종시,"세종특별자치시 새롬중앙로 64, 세종영광프라자 4층 402호 (새롬동)",127.2509811,36.4866487
세종꾸러기소아치과의원,치과의원,세종시,410000,세종시,"세종특별자치시 한누리대로 2012, 코끼리타워 301,302,303호 (소담동)",127.2998473,36.4853119
세종내과의원,의원,세종시,410000,세종시,"세종특별자치시 보듬3로 6, 204.205호 (도담동, 라온프라이빗시티2상가)",127.2589409,36.5128445
세종다사랑가정의학과의원,의원,세종시,410000,세종시,"세종특별자치시 도움3로 105-7, 401호 (종촌동, 메디케어)",127.2496518,36.5045141
세종대왕한의원,한의원,세종시,410000,세종시,"세종특별자치시 도움3로 105-5, 종촌 중앙프라자 204,205,206호 (종촌동)",127.2495396,36.504761
세종대일당한의원,한의원,세종시,410000,세종시,"세종특별자치시 한누리대로 157, (나성동, 금강프라자 503호)",127.2625014,36.4793087
세종드림연합의원,의원,세종시,410000,세종시,"세종특별자치시 한누리대로 2264, 3층 (대평동, 씨티오브드림)",127.2767834,36.4729981
세종드림치과의원,치과의원,세종시,410000,세종시,"세종특별자치시 한누리대로 2143, 금강시티타워 405,406호 (보람동)",127.2884324,36.4780565
세종맑은이비인후과의원,의원,세종시,410000,세종시,"세종특별자치시 도움3로 105-7, 메디케어빌딩 301호 (종촌동)",127.2496518,36.5045141
세종미소치과의원,치과의원,세종시,410000,세종시,"세종특별자치시  한누리대로 2135, 302,303,301호 (보람동, 스타힐타워1) (보람동)",127.2891042,36.4783531
세종미즈산부인과의원,의원,세종시,410000,세종시,"세종특별자치시 도움3로 105-5, 504호 (종촌동, 종촌중앙프라자)",127.2495396,36.504761
세종미체원365의원,의원,세종시,410000,세종시,"세종특별자치시 한누리대로 1834, 401,402,403호 (반곡동)",127.3111013,36.4979878
세종바른유외과의원,의원,세종시,410000,세종시,"세종특별자치시 한누리대로 169, 세종행복타워 503~505호 (나성동)",127.2618223,36.4802343
세종반석정형외과의원,의원,세종시,410000,세종시,"세종특별자치시 한누리대로 157, 601-609호 (나성동, 금강프라자)",127.2625014,36.4793087
세종베스트치과의원,치과의원,세종시,410000,세종시,"세종특별자치시 보듬3로 92, 407.408호 (아름동, 해피라움2상가)",127.2494741,36.5119072
세종보람치과의원,치과의원,세종시,410000,세종시,"세종특별자치시 남세종로 466, 403호 (보람동, 아평빌딩)",127.288437,36.4767037
세종뷰티의원,의원,세종시,410000,세종시,"세종특별자치시 한누리대로 492, 청암빌딩 405,406호 (어진동)",127.2622919,36.5073947
세종상신한의원,한의원,세종시,410000,세종시,"세종특별자치시 한누리대로 193, 303호 (나성동, 참미르메디칼)",127.2605134,36.4820673
세종서울정신건강의학과의원,의원,세종시,410000,세종시,"세종특별자치시 보듬3로 143, 대영프라자 603호 (아름동)",127.2436211,36.5116275
세종서울정형외과의원,의원,세종시,410000,세종시,"세종특별자치시 한누리대로 492, 청암빌딩 403,404,407호 (어진동)",127.2622919,36.5073947
세종서울치과의원,치과의원,세종시,410000,세종시,"세종특별자치시 도움3로 105-7, 501호 (종촌동, 메디케어빌딩)",127.2496518,36.5045141
세종성모내과의원,의원,세종시,410000,세종시,"세종특별자치시 한누리대로 492, 청암빌딩 401,402호 (어진동)",127.2622919,36.5073947
세종성모소아청소년과의원,의원,세종시,410000,세종시,"세종특별자치시 한누리대로 2129, 스타힐타워Ⅱ 401~405,409,412~415호 (보람동)",127.2897534,36.4785762
세종센텀한의원,한의원,세종시,410000,세종시,"세종특별자치시 해밀3로 43, 스카이드림 3층 301,302호 (해밀동)",127.2644917,36.5285836
세종소담한의원,한의원,세종시,410000,세종시,"세종특별자치시 한누리대로 2018, 407~408호 (소담동, 사이언스타운)",127.2993632,36.4847414
세종소아청소년과의원,의원,세종시,410000,세종시,"세종특별자치시 한누리대로 157, 405호 (나성동, 금강프라자)",127.2625014,36.4793087
세종속편한내과의원,의원,세종시,410000,세종시,"세종특별자치시 보듬3로 95, 해피라움3 3층 301,302,304-2,305호 (아름동)",127.2489104,36.5113767
세종수이비인후과의원,의원,세종시,410000,세종시,"세종특별자치시 해밀3로 43, 스카이드림 501,502호 (해밀동)",127.2644917,36.5285836
세종숲정신건강의학과의원,의원,세종시,410000,세종시,"세종특별자치시 도움1로 106, 메가시티 3층 301호 (종촌동)",127.2481238,36.502816
세종쉼정신건강의학과의원,의원,세종시,410000,세종시,"세종특별자치시 한누리대로 583, 503호 (도담동, 도담센트럴프라자)",127.2584602,36.5152951
세종스노우의원,의원,세종시,410000,세종시,"세종특별자치시 나성북로 30, 퍼스트원 550~562호 (나성동)",127.2602452,36.4890738
세종스카이내과의원,의원,세종시,410000,세종시,"세종특별자치시 해밀3로 43, 스카이드림 6층 602,603,604호 (해밀동)",127.2644917,36.5285836
세종스타치과의원,치과의원,세종시,410000,세종시,"세종특별자치시 나성로 125-16, 7~8층 (나성동, 스타타워)",127.2577621,36.4900983
세종시365으랏차한의원,한의원,세종시,410000,세종시,"세종특별자치시 절재로 194, 중앙타운 413호, 414호 (어진동)",127.2624604,36.5082343
세종시원마취통증의학과의원,의원,세종시,410000,세종시,"세종특별자치시 보듬3로 100, 해피라움1 201~203호 (아름동)",127.2486205,36.5119496
세종시청점오라클피부과의원,의원,세종시,410000,세종시,"세종특별자치시 한누리대로 2143, 금강시티타워 204~206호 (보람동)",127.2884324,36.4780565
세종아이소아청소년과의원,의원,세종시,410000,세종시,"세종특별자치시 달빛로 59, 303.304호 (종촌동, 호만빌딩)",127.2497581,36.5042368
세종양지한의원,한의원,세종시,410000,세종시,"세종특별자치시 다정중앙로 39, 다정센터프라자2 401,402호 (다정동)",127.2486688,36.494013
세종연세소아청소년과의원,의원,세종시,410000,세종시,"세종특별자치시 새롬중앙로 47, 402~403호 (새롬동, 세움빌딩)",127.250789,36.4850028
세종연세에스의원,의원,세종시,410000,세종시,"세종특별자치시 한누리대로 265, 명동프라자 403~405호 (나성동)",127.2567369,36.4878216
세종연합비뇨기과의원,의원,세종시,410000,세종시,"세종특별자치시 한누리대로 273, 새롬씨티 403,404,407,408호 (나성동)",127.2564824,36.4884841
세종영상의학과의원,의원,세종시,410000,세종시,"세종특별자치시 금남면 용포로 116, 3층",127.2812135,36.4688588
세종온정성한의원,한의원,세종시,410000,세종시,"세종특별자치시 나성북1로 12, 메가타워2 301호 (나성동)",127.2576212,36.4909977
세종우리성모안과의원,의원,세종시,410000,세종시,"세종특별자치시 한누리대로 273, 601~604호 (나성동)",127.2564824,36.4884841
세종우리의원,의원,세종시,410000,세종시,"세종특별자치시 다정중앙로 52, 페스티발2 510,511,512,513호 (다정동)",127.2492573,36.4951815
세종위드정형외과의원,의원,세종시,410000,세종시,"세종특별자치시 한누리대로 265, 명동프라자 7층 701,702,703호 (나성동)",127.2567369,36.4878216
세종이안과의원,의원,세종시,410000,세종시,"세종특별자치시 새롬중앙로 62-15, 해피라움W 403,404호 (새롬동)",127.251249,36.486926
세종이지항외과의원,의원,세종시,410000,세종시,"세종특별자치시 한누리대로 331, 3층 320~323호 (나성동, SR파크센텀)",127.2558359,36.4939328
세종장사랑내과의원,의원,세종시,410000,세종시,"세종특별자치시 보듬3로 158, 아름메디컬센터 4층 401~405호 (아름동)",127.2422098,36.5122956
세종제이피부과의원,의원,세종시,410000,세종시,"세종특별자치시 보듬3로 92, 해피라움2 403,404,405호 (아름동)",127.2494741,36.5119072
세종제일산부인과의원,의원,세종시,410000,세종시,"세종특별자치시 한누리대로 2265, 세종메디컬센터 5층, 6층층 (대평동)",127.2771921,36.4720981
세종조은내과의원,의원,세종시,410000,세종시,"세종특별자치시 한누리대로 1828, 시드니블루 401호,402호 (반곡동)",127.3117411,36.4980544
세종청사 부속한의원,한의원,세종시,410000,세종시,"세종특별자치시 다솜2로 94, 5동 301호 (어진동, 정부세종청사)",127.2652833,36.5042886
세종청사 제2부속한의원,한의원,세종시,410000,세종시,"세종특별자치시 한누리대로 402, 13동 434호 (어진동, 정부세종청사)",127.2606212,36.499574
세종충남대학교병원,종합병원,세종시,410000,세종시,"세종특별자치시 보듬7로 20, 세종충남대학교병원 (도담동)",127.2579427,36.5195133
세종치과의원,치과의원,세종시,410000,세종시,"세종특별자치시 전의면 만세길 5, 2층",127.2039004,36.6790581
세종코아이비인후과의원,의원,세종시,410000,세종시,"세종특별자치시 마음로 272-4, 고운메디프라자 201호 (고운동)",127.2353447,36.5195857
세종탑재활의학과의원,의원,세종시,410000,세종시,"세종특별자치시 한누리대로 2018, 사이언스타운 501호, 506~508호호 (소담동)",127.2993632,36.4847414
세종탑치과의원,치과의원,세종시,410000,세종시,"세종특별자치시 새롬중앙로 59, 303호 (새롬동, 새롬빌딩)",127.2503167,36.4860741
세종톡스앤필의원,의원,세종시,410000,세종시,"세종특별자치시 한누리대로 253, 에스빌딩 501호 (나성동)",127.2572291,36.4868089
세종특별자치시보건소,보건소,세종시,410000,세종시,"세종특별자치시 조치원읍 대첩로 32, 세종특별자치시보건소",127.2926495,36.5959485
세종튼튼치과의원,치과의원,세종시,410000,세종시,"세종특별자치시 한누리대로 1824, 401,402호 (반곡동)",127.312127,36.4980948
세종튼튼한의원,한의원,세종시,410000,세종시,"세종특별자치시 한누리대로 2257, 판타지타워 205호 (대평동)",127.2780049,36.4726172
세종퍼스트피부과의원,의원,세종시,410000,세종시,"세종특별자치시 달빛로 59, 호만빌딩 601~603호 (종촌동)",127.2497581,36.5042368
세종프라우메디산부인과의원,의원,세종시,410000,세종시,"세종특별자치시 한누리대로 165, (나성동, 세종메디피아6,7층)",127.2620398,36.4799392
세종프라임치과의원,치과의원,세종시,410000,세종시,"세종특별자치시 한누리대로 499, 402호 (어진동, 세종미디어프라자)",127.2611239,36.5080759
세종플란트 치과의원,치과의원,세종시,410000,세종시,"세종특별자치시 한누리대로 157, (나성동, 금강프라자,304호)",127.2625014,36.4793087
세종하이치과의원,치과의원,세종시,410000,세종시,"세종특별자치시 한누리대로 1828, 시드니블루 403호,404호호 (반곡동)",127.3117411,36.4980544
세종하이한방병원,한방병원,세종시,410000,세종시,"세종특별자치시 갈매로 58, 황산프라자 3층 6층 (대평동)",127.2754587,36.4710506
세종한의원,한의원,세종시,410000,세종시,"세종특별자치시 금남면 용포로 64, 1.2층",127.281083,36.4642731
세종함소아한의원,한의원,세종시,410000,세종시,"세종특별자치시 보듬3로 143, 405,406호 (아름동, 대영프라자)",127.2436211,36.5116275
세종항도외과의원,의원,세종시,410000,세종시,"세종특별자치시 한누리대로 253, 503호 (나성동, 에스빌딩)",127.2572291,36.4868089
세종해밀한의원,한의원,세종시,410000,세종시,"세종특별자치시 해밀3로 51, 스카이허브 402호 (해밀동)",127.2650247,36.5290997
센텀비뇨기과의원,의원,세종시,410000,세종시,"세종특별자치시 한누리대로 2149, 엔젤타워 404호~407호 (보람동)",127.2878469,36.47781
소담내과의원,의원,세종시,410000,세종시,"세종특별자치시 한누리대로 2016, 302~309호 (소담동, 타임빌딩)",127.299641,36.4850402
소담에스정형외과의원,의원,세종시,410000,세종시,"세종특별자치시 한누리대로 2022, 아이콤스타타워 301,302,303,308호 (소담동)",127.2991555,36.4844894
소담튼튼소아청소년과의원,의원,세종시,410000,세종시,"세종특별자치시 한누리대로 2016, 404호,405호 (소담동, 타임빌딩)",127.299641,36.4850402
소리숨이비인후과의원,의원,세종시,410000,세종시,"세종특별자치시 나성로 96, 더센트럴 421호 (나성동)",127.2610026,36.487879
소망안과의원,의원,세종시,410000,세종시,"세종특별자치시 한누리대로 2018, 사이언스타운 307,308호 (소담동)",127.2993632,36.4847414
소신내과의원,의원,세종시,410000,세종시,"세종특별자치시 한누리대로 589, 해피라움7 304,305-1,305-2,305-3,702-1,702-2호(도담동) (도담동)",127.258448,36.5159265
소정면보건지소,보건지소,세종시,410000,세종시,"세종특별자치시 소정면 소정구길 201, 소정면보건지소",127.1572445,36.7220122
손근형소아청소년과의원,의원,세종시,410000,세종시,"세종특별자치시 나성북로 30, 퍼스트원 632,633,634,635호 (나성동)",127.2602452,36.4890738
송곡보건진료소,보건진료소,세종시,410000,세종시,"세종특별자치시 전동면 금이로 184, (전동면)",127.2692937,36.6308811
송창헌내과의원,의원,세종시,410000,세종시,"세종특별자치시 한누리대로 275, 형성프라자 405,406,407호 (나성동)",127.2563759,36.4888054
송태영치과의원,치과의원,세종시,410000,세종시,"세종특별자치시 조치원읍 조치원로 31-1, (조치원읍)",127.3002061,36.6017793
송학보건진료소,보건진료소,세종시,410000,세종시,"세종특별자치시 장군면 황미창말길 5-4, (송학보건진료소)",127.1902294,36.5381235
수앤미의원,의원,세종시,410000,세종시,"세종특별자치시 한누리대로 583, 도담센트럴프라자 4층 401,402호 (도담동)",127.2584602,36.5152951
수치과의원,치과의원,세종시,410000,세종시,"세종특별자치시 절재로 194, 508호 (어진동, 중앙타운)",127.2624604,36.5082343
숨편한한의원,한의원,세종시,410000,세종시,"세종특별자치시 도움1로 108, 402-2.420호 (종촌동, 몰리브)",127.247577,36.5026384
스마일치과의원,치과의원,세종시,410000,세종시,"세종특별자치시 마음로 74, 그랜드프라자 202,203호 (고운동)",127.2340604,36.50531
스마트정신건강의학과의원,의원,세종시,410000,세종시,"세종특별자치시 절재로 194, 504호 (어진동, 세종드림)",127.2624604,36.5082343
신 치과의원,치과의원,세종시,410000,세종시,"세종특별자치시 장군면 장척로 407, 2층",127.2057423,36.4975364
신화비뇨기과의원,의원,세종시,410000,세종시,"세종특별자치시 조치원읍 조치원1길 6, 6",127.297506,36.6014251
심치과의원,치과의원,세종시,410000,세종시,"세종특별자치시 새롬중앙로 47, 405호 (새롬동, 세움빌딩)",127.250789,36.4850028
싱긋삼성이비인후과의원,의원,세종시,410000,세종시,"세종특별자치시 다정중앙로 52, 페스티발2 507,508,509호 (다정동)",127.2492573,36.4951815
쌍류보건진료소,보건진료소,세종시,410000,세종시,"세종특별자치시 연서면 도신고복로 427, (연서면)",127.2137328,36.5949338
씨엘비뇨기과의원,의원,세종시,410000,세종시,"세종특별자치시 도움3로 105-5, 603.604호 (종촌동, 종촌중앙프라자)",127.2495396,36.504761
아낌없이주는나무한의원,한의원,세종시,410000,세종시,"세종특별자치시 한누리대로 1820, 왕관빌딩 503-1,503-2,504호 (반곡동)",127.3127124,36.4981376
아름누리소아청소년과의원,의원,세종시,410000,세종시,"세종특별자치시 한누리대로 2022, 아이콤스타타워 402,403호 (소담동)",127.2991555,36.4844894
아름드리나무어린이병원,병원,세종시,410000,세종시,"세종특별자치시 보듬3로 101, 5~7층 (아름동)",127.2484095,36.5114037
아름치과의원,치과의원,세종시,410000,세종시,"세종특별자치시 보듬3로 92, 206.207호 (아름동, 해피라움2상가)",127.2494741,36.5119072
아름튼튼정형외과의원,의원,세종시,410000,세종시,"세종특별자치시 보듬3로 92, 해피라움2 3층 301,302,315호 (아름동)",127.2494741,36.5119072
아름한의원,한의원,세종시,410000,세종시,"세종특별자치시 보듬3로 104-19, 303호 (아름동, 세석빌딩)",127.2498765,36.512261
아워스한의원,한의원,세종시,410000,세종시,"세종특별자치시 한누리대로 253, 에스빌딩 202호 (나성동)",127.2572291,36.4868089
아이닉안과의원,의원,세종시,410000,세종시,"세종특별자치시 절재로 194, 403,404호 (어진동, 세종드림)",127.2624604,36.5082343
아이맘편작한의원,한의원,세종시,410000,세종시,"세종특별자치시 절재로 194, 중앙타운 5층 512호 (어진동)",127.2624604,36.5082343
앨리스치과의원,치과의원,세종시,410000,세종시,"세종특별자치시 한누리대로 265, 명동프라자 5층 (나성동)",127.2567369,36.4878216
약손한의원,한의원,세종시,410000,세종시,"세종특별자치시 한누리대로 2236, 해들마을 6단지 상가동 2층 C214,C215호 (대평동)",127.2772202,36.4740927
양곡보건진료소,보건진료소,세종시,410000,세종시,"세종특별자치시 전의면 양지편길 17, (양곡보건진료소)",127.1779495,36.6402257
양규준산부인과의원,의원,세종시,410000,세종시,"세종특별자치시 조치원읍 새내로 96, 96",127.2984646,36.6004203
어진서부한의원,한의원,세종시,410000,세종시,"세종특별자치시 한누리대로 411, KT&G세종타워A 2층 3호 (어진동)",127.2588509,36.5011321
에스지연합의원,의원,세종시,410000,세종시,"세종특별자치시 갈매로 58, 황산프라자 5층 501~511호 (대평동)",127.2754587,36.4710506
에이스한의원,한의원,세종시,410000,세종시,"세종특별자치시 보듬3로 100, 405-2호 (아름동, 해피라움1)",127.2486205,36.5119496
엔연세감동치과의원,치과의원,세종시,410000,세종시,"세종특별자치시 새롬중앙로 33, 새뜸프라자 303, 304호 (새롬동)",127.2518361,36.4840497
여담한의원,한의원,세종시,410000,세종시,"세종특별자치시 도움8로 91, 세종마치 402호 (어진동)",127.271753,36.5041484
여러분소통내과의원,의원,세종시,410000,세종시,"세종특별자치시 조치원읍 새내로 88-1, 3층",127.2986527,36.5997257
연기면보건지소,보건지소,세종시,410000,세종시,"세종특별자치시 연기면 당산로 154, 지1층",127.2791893,36.5469434
연동면보건지소,보건지소,세종시,410000,세종시,"세종특별자치시 연동면 장욱진로 7, 연동면 복합커뮤니티센터",127.3273245,36.5553556
연서면보건지소,보건지소,세종시,410000,세종시,"세종특별자치시 연서면 대첩로 238, (연서면)",127.2716217,36.592587
연세가정의학과의원,의원,세종시,410000,세종시,"세종특별자치시 조치원읍 대첩로 17, 17",127.2942001,36.5953368
연세감동치과의원,치과의원,세종시,410000,세종시,"세종특별자치시 한누리대로 2022, 404호,405호 (소담동, 아크레타 아이콤스타타워)",127.2991555,36.4844894
연세고마운치과의원,치과의원,세종시,410000,세종시,"세종특별자치시 한누리대로 249, 406~407호 (나성동, 에스제이타워)",127.2574385,36.4864392
연세나무 정신건강의학과의원,의원,세종시,410000,세종시,"세종특별자치시 나성북로 30, 퍼스트원 533,534,535,547,548,549호 (나성동)",127.2602452,36.4890738
연세더아름의원,의원,세종시,410000,세종시,"세종특별자치시 보듬3로 101, 2층 203,204,205호 (아름동)",127.2484095,36.5114037
연세럭스치과의원,치과의원,세종시,410000,세종시,"세종특별자치시 보듬3로 100, 해피라움1 204,205호 (아름동)",127.2486205,36.5119496
연세미니성형외과의원,의원,세종시,410000,세종시,"세종특별자치시 한누리대로 273, 새롬씨티 502호, 503호 (나성동)",127.2564824,36.4884841
연세세브란스치과의원,치과의원,세종시,410000,세종시,"세종특별자치시 다정중앙로 57, 다정센타프라자 305호 (다정동)",127.2485084,36.4956266
연세신경외과의원,의원,세종시,410000,세종시,"세종특별자치시 조치원읍 새내로 75, 75",127.2984313,36.5985423
연세올바른치과의원,치과의원,세종시,410000,세종시,"세종특별자치시 다정중앙로 58, 다정메디프라자 302,303호 (다정동)",127.2492274,36.495625
연세정담정신건강의학과의원,의원,세종시,410000,세종시,"세종특별자치시 한누리대로 499, 세종포스트빌딩 201-3,301호 (어진동)",127.2611239,36.5080759
연세크리스마스치과의원,치과의원,세종시,410000,세종시,"세종특별자치시 마음로 70, 302.303호 (고운동, 에셀프라자)",127.2343732,36.5050816
연세탑치과의원,치과의원,세종시,410000,세종시,"세종특별자치시 조치원읍 조치원8길 6, 2층",127.3005187,36.6011972
연세하트내과의원,의원,세종시,410000,세종시,"세종특별자치시 새롬중앙로 59, 새롬빌딩 5층 502,503호 (새롬동)",127.2503167,36.4860741
연세해밀치과의원,치과의원,세종시,410000,세종시,"세종특별자치시 해밀3로 43, 스카이드림 504호 (해밀동)",127.2644917,36.5285836
열린이비인후과의원,의원,세종시,410000,세종시,"세종특별자치시 다정중앙로 45, 다정프라자 304호~305호 (다정동)",127.2486004,36.4944412
예림한의원,한의원,세종시,410000,세종시,"세종특별자치시 연서면 당산로 345, (연서면)",127.2824476,36.5625145
오라클피부과의원,의원,세종시,410000,세종시,"세종특별자치시 한누리대로 245, 404~405호 (나성동, 에스알파크원)",127.2576476,36.4860984
오케이마취통증의학과의원,의원,세종시,410000,세종시,"세종특별자치시 조치원읍 새내8길 7, 3~4층",127.2988715,36.5994701
오케이한방병원,한방병원,세종시,410000,세종시,"세종특별자치시 한누리대로 331, 2층,3층 (301~315)호 (나성동, SR파크센텀)",127.2558359,36.4939328
올마취통증의학과의원,의원,세종시,410000,세종시,"세종특별자치시 도움3로 105-7, 403.404.405호 (종촌동, 메디케어)",127.2496518,36.5045141
와촌보건진료소,보건진료소,세종시,410000,세종시,"세종특별자치시 연서면 용연로 635, (연서면)",127.2464415,36.5568063
우리들의원,의원,세종시,410000,세종시,"세종특별자치시 장군면 장척로 401, (장군면)",127.2051918,36.4971642
우리메디컬의원,의원,세종시,410000,세종시,"세종특별자치시 고운서길 19, 세종 스마트큐브Ⅰ 301~303,305~308호 (고운동)",127.2339799,36.5058406
우리연합의원,의원,세종시,410000,세종시,"세종특별자치시 남세종로 454, 404호 (보람동, 강남제일타워)",127.2897062,36.477252
우리이비인후과의원,의원,세종시,410000,세종시,"세종특별자치시 보듬3로 92, 409호 (아름동, 해피라움2상가)",127.2494741,36.5119072
우리치과의원,치과의원,세종시,410000,세종시,"세종특별자치시 도움3로 105-5, 402.403호 (종촌동, 종촌중앙프라자)",127.2495396,36.504761
운주산성요양병원,요양병원,세종시,410000,세종시,"세종특별자치시 전동면 모산고개길 96-25, (전동면)",127.2241934,36.6689404
원한의원,한의원,세종시,410000,세종시,"세종특별자치시 전의면 장터길 2-1, 2",127.2050368,36.6790538
웰가정의학과의원,의원,세종시,410000,세종시,"세종특별자치시 조치원읍 도원2로 39, 3층",127.2870288,36.592725
웰에스테의원,의원,세종시,410000,세종시,"세종특별자치시 도움1로 106, 메가시티 409호 (종촌동)",127.2481238,36.502816
웰키즈소아청소년과의원,의원,세종시,410000,세종시,"세종특별자치시 보듬3로 95, 해피라움3 307,308,309-1,310-2,401~5,410,603~8,705~6호(아름동) (아름동)",127.2489104,36.5113767
위대한내과의원,의원,세종시,410000,세종시,"세종특별자치시 절재로 194, 505호,506호 (어진동, 중앙타운)",127.2624604,36.5082343
위하는내과의원,의원,세종시,410000,세종시,"세종특별자치시 한누리대로 1844, 행복드림타워 301~305호 (반곡동)",127.3099443,36.4978764
유경의원,의원,세종시,410000,세종시,"세종특별자치시 부강면 부강2길 14, (부강면)",127.3671585,36.5301731
유디치과의원,치과의원,세종시,410000,세종시,"세종특별자치시 나성로 38, 세종가로수길 38, 세종가로수길 A301,A302a,A302,A303호 (나성동)",127.2637561,36.483485
유성연합의원,의원,세종시,410000,세종시,"세종특별자치시 조치원읍 새내로 132, (조치원읍)",127.2979673,36.6036614
유소아청소년과의원,의원,세종시,410000,세종시,"세종특별자치시 도움1로 108, 408.409호 (종촌동, 몰리브)",127.247577,36.5026384
유스앤영서울뷰의원,의원,세종시,410000,세종시,"세종특별자치시 나성로 96, 더센트럴 519호 (나성동)",127.2610026,36.487879
유심한의원,한의원,세종시,410000,세종시,"세종특별자치시 부강면 부강로 42, 105.106.107호",127.3661629,36.5297564
유앤성부부치과의원,치과의원,세종시,410000,세종시,"세종특별자치시 한누리대로 1820, 왕관빌딩 407~408호 (반곡동)",127.3127124,36.4981376
유앤이내과의원,의원,세종시,410000,세종시,"세종특별자치시 도움3로 105-5, 501.502.503.507호 (종촌동, 종촌중앙프라자)",127.2495396,36.504761
유웰비뇨의학과의원,의원,세종시,410000,세종시,"세종특별자치시 한누리대로 265, 명동프라자 501~504호 (나성동)",127.2567369,36.4878216
유한의원,한의원,세종시,410000,세종시,"세종특별자치시 조치원읍 군청로 88, 1층",127.2937939,36.5925756
윤빛소아청소년과의원,의원,세종시,410000,세종시,"세종특별자치시 해밀3로 43, 스카이드림 303호 (해밀동)",127.2644917,36.5285836
윤치과의원,치과의원,세종시,410000,세종시,"세종특별자치시 조치원읍 조치원로 38, 38",127.3009819,36.6014745
율제한의원,한의원,세종시,410000,세종시,"세종특별자치시 도움3로 105-7, 302호 (종촌동, 메디케어빌딩)",127.2496518,36.5045141
응암보건진료소,보건진료소,세종시,410000,세종시,"세종특별자치시 연동면 송암로 246, (응암보건진료소)",127.3414098,36.5573182
의료법인 씨지예스의료재단 세종중앙요양병원,요양병원,세종시,410000,세종시,"세종특별자치시 조치원읍 섭골길 37, (조치원읍)",127.2883415,36.6133851
의료법인 영제 의료재단 엔케이세종병원,종합병원,세종시,410000,세종시,"세종특별자치시 한누리대로 161, 세종시 NK리움힐 상가 1~8층 (나성동)",127.2622579,36.4796231
의료법인은혜의료재단 은혜병원,정신병원,세종시,410000,세종시,"세종특별자치시 연서면 효교로 135-16, 은혜병원",127.2373357,36.5726904
이내과의원,의원,세종시,410000,세종시,"세종특별자치시 조치원읍 조치원로 31, 31",127.3001202,36.6016881
이도내과의원,의원,세종시,410000,세종시,"세종특별자치시 한누리대로 2143, 금강시티타워 403~404호 (보람동)",127.2884324,36.4780565
이도치과의원,치과의원,세종시,410000,세종시,"세종특별자치시 한누리대로 275, 형성프라자 501,502,503호 (나성동)",127.2563759,36.4888054
이룸한의원,한의원,세종시,410000,세종시,"세종특별자치시 보듬4로 9, 4F-6호, 4F-7호호 (도담동, 도램마을11단지)",127.2600097,36.51388
이병진치과의원,치과의원,세종시,410000,세종시,"세종특별자치시 조치원읍 조치원로 7, 3층",127.2976156,36.6014527
이사랑치과의원,치과의원,세종시,410000,세종시,"세종특별자치시 한누리대로 2257, 판타지타워 203호 (대평동)",127.2780049,36.4726172
이삭소아청소년과의원,의원,세종시,410000,세종시,"세종특별자치시 한누리대로 169, 세종행복타워 301,307,401호 (나성동)",127.2618223,36.4802343
이안과의원,의원,세종시,410000,세종시,"세종특별자치시 조치원읍 새내로 98, 98",127.2986031,36.6005673
이안정신건강의학과의원,의원,세종시,410000,세종시,"세종특별자치시 한누리대로 273, 307호,402호,606~607호,706~707호호 (나성동)",127.2564824,36.4884841
이유경내과의원,의원,세종시,410000,세종시,"세종특별자치시 한누리대로 2265, 세종메디컬센터 3층 304~306호 (대평동)",127.2771921,36.4720981
이은경소아청소년과의원,의원,세종시,410000,세종시,"세종특별자치시 조치원읍 새내로 77, (조치원읍)",127.298413,36.598657
이은석한의원,한의원,세종시,410000,세종시,"세종특별자치시 한누리대로 2165, 호려울마을7단지 근린생활시설 A-424,425호 (보람동)",127.2865004,36.4773068
이제한의원,한의원,세종시,410000,세종시,"세종특별자치시 새롬중앙로 67, 오렌지빌딩 302, 303호 (새롬동)",127.2502282,36.4868892
이종선치과의원,치과의원,세종시,410000,세종시,"세종특별자치시 조치원읍 조치원로 31, 31",127.3001202,36.6016881
이편한치과의원,치과의원,세종시,410000,세종시,"세종특별자치시 조치원읍 새내로 97, 4층 1호",127.2980437,36.600399
이편한홍치과의원,치과의원,세종시,410000,세종시,"세종특별자치시 연서면 봉암길 8, (연서면)",127.2826018,36.5621061
임재욱한의원,한의원,세종시,410000,세종시,"세종특별자치시 조치원읍 충현로 47, (조치원읍)",127.2980202,36.5933334
자연치유한의원,한의원,세종시,410000,세종시,"세종특별자치시 금남면 청룡안길 114-112, 1.2동 2.3층",127.3249394,36.449653
자인한의원,한의원,세종시,410000,세종시,"세종특별자치시 새롬중앙로 63, 세종온누리타워 202호,203호 (새롬동)",127.2502526,36.486535
장군면보건지소,보건지소,세종시,410000,세종시,"세종특별자치시 장군면 장척로 398-3, (장군면)",127.2052641,36.4965883
장동석내과의원,의원,세종시,410000,세종시,"세종특별자치시 조치원읍 새내로 122, 메가박스 3층 306,307,308,309,310,311,312호",127.2981452,36.6028724
장현진정형외과의원,의원,세종시,410000,세종시,"세종특별자치시 조치원읍 조치원로 62, 62",127.3033981,36.6022791
장효길한의원,한의원,세종시,410000,세종시,"세종특별자치시 한누리대로 2143, 407호 (보람동, 금강시티타워)",127.2884324,36.4780565
전동면보건지소,보건지소,세종시,410000,세종시,"세종특별자치시 전동면 운주산로 386, (전동면)",127.2641571,36.655807
전의면보건지소,보건지소,세종시,410000,세종시,"세종특별자치시 전의면 만세길 20-12, (전의면)",127.2048276,36.6784876
전의부부치과의원,치과의원,세종시,410000,세종시,"세종특별자치시 전의면 운주산로 1191-5, 2층",127.2045998,36.679443
전의의원,의원,세종시,410000,세종시,"세종특별자치시 전의면 읍내길 13, 13",127.2042095,36.6805186
정담한의원,한의원,세종시,410000,세종시,"세종특별자치시 한누리대로 245, 에스알파크원 203호 (나성동)",127.2576476,36.4860984
정마취통증의학과의원,의원,세종시,410000,세종시,"세종특별자치시 한누리대로 2016, 타임빌딩 401호,402호 (소담동)",127.299641,36.4850402
정부세종청사 중앙동 부속의원,의원,세종시,410000,세종시,"세종특별자치시 도움6로 42, 정부세종청사 중앙동 2층 일부호 (어진동)",127.2653382,36.5025119
정부세종청사 중앙동 부속한의원,한의원,세종시,410000,세종시,"세종특별자치시 도움6로 42, 정부세종청사 중앙동 2층 의무실(일부)호 (어진동)",127.2653382,36.5025119
정비뇨기과의원,의원,세종시,410000,세종시,"세종특별자치시 조치원읍 새내로 97, 4층 402호",127.2980437,36.600399
정석이비인후과의원,의원,세종시,410000,세종시,"세종특별자치시 조치원읍 새내로 97, 조치원메디컬센터 502호",127.2980437,36.600399
정토한의원,한의원,세종시,410000,세종시,"세종특별자치시 보듬3로 92, 303호 (아름동, 해피라움2상가)",127.2494741,36.5119072
제이와이치과의원,치과의원,세종시,410000,세종시,"세종특별자치시 새롬중앙로 64, 404호 (새롬동, 세종영광프라자)",127.2509811,36.4866487
제일마취통증의학과의원,의원,세종시,410000,세종시,"세종특별자치시 절재로 194, 604호 (어진동, 세종드림)",127.2624604,36.5082343
제일신경과의원,의원,세종시,410000,세종시,"세종특별자치시 조치원읍 새내로 88-1, 2층",127.2986527,36.5997257
제일연합내과의원,의원,세종시,410000,세종시,"세종특별자치시 새롬중앙로 62-15, 401호,402(일부)호 (새롬동, 해피라움W)",127.251249,36.486926
제중한의원,한의원,세종시,410000,세종시,"세종특별자치시 조치원읍 조치원로 31-1, (조치원읍)",127.3002061,36.6017793
조치원노인전문병원,요양병원,세종시,410000,세종시,"세종특별자치시  연서면 도신고복로 789-17, 789",127.2378653,36.6130192
종촌제일연합내과의원,의원,세종시,410000,세종시,"세종특별자치시 도움1로 106, 메가시티 610,615-1호 (종촌동)",127.2481238,36.502816
좋은하루 치과의원,치과의원,세종시,410000,세종시,"세종특별자치시 보듬4로 9, 3층 8,9호 (도담동, 도램마을11단지)",127.2600097,36.51388
좋은하루이비인후과의원,의원,세종시,410000,세종시,"세종특별자치시 보듬4로 9, 3층 6,7호 (도담동, 도램마을11단지)",127.2600097,36.51388
중앙소아청소년과의원,의원,세종시,410000,세종시,"세종특별자치시 한누리대로 2257, 판타지타워 404, 405호 (대평동)",127.2780049,36.4726172
중앙외과의원,의원,세종시,410000,세종시,"세종특별자치시 조치원읍 새내4길 3, 3",127.2992377,36.5974315
중앙의원,의원,세종시,410000,세종시,"세종특별자치시 전의면 읍내길 20, (전의면)",127.20444,36.6811012
지에프정형외과의원,의원,세종시,410000,세종시,"세종특별자치시 달빛로 43, 3층 (종촌동, 금강빌딩)",127.2500259,36.5027235
참좋아치과의원,치과의원,세종시,410000,세종시,"세종특별자치시 보듬3로 143, 304,305,306호 (아름동, 대영프라자)",127.2436211,36.5116275
참좋은서울아산내과의원,의원,세종시,410000,세종시,"세종특별자치시 다정중앙로 58, 다정메디프라자 5층 502~505호 (다정동)",127.2492274,36.495625
첫마을치과의원,치과의원,세종시,410000,세종시,"세종특별자치시 한누리대로 165, 세종메디피아 302,303호 (나성동)",127.2620398,36.4799392
청담와이즈의원,의원,세종시,410000,세종시,"세종특별자치시 한누리대로 499, 청암빌딩 403호 (어진동)",127.2611239,36.5080759
청심당한의원,한의원,세종시,410000,세종시,"세종특별자치시 남세종로 454, 403호 (보람동, 강남제일타워)",127.2897062,36.477252
초목한의원,한의원,세종시,410000,세종시,"세종특별자치시 새롬중앙로 55, 201호 (새롬동, 행운빌딩)",127.250338,36.4857521
최진웅치과의원,치과의원,세종시,410000,세종시,"세종특별자치시 조치원읍 새내로 122, 메가박스(외 1필지 세종시네마 1동) 204호",127.2981452,36.6028724
최훈내과의원,의원,세종시,410000,세종시,"세종특별자치시 보듬3로 91, 303.304호 (아름동, 해피라움4)",127.2495907,36.5113452
코끼리마취통증의학과의원,의원,세종시,410000,세종시,"세종특별자치시 보듬3로 150, 아름 행복타워 502호 (아름동)",127.2430055,36.5122628
코끼리소아청소년과의원,의원,세종시,410000,세종시,"세종특별자치시 한누리대로 2012, 코끼리타워 401호,402호 (소담동)",127.2998473,36.4853119
코알이비인후과의원,의원,세종시,410000,세종시,"세종특별자치시 한누리대로 2018, 사이언스타운 4층 403~406호 (소담동)",127.2993632,36.4847414
크로바내과의원,의원,세종시,410000,세종시,"세종특별자치시 한누리대로 253, 606~607호 (나성동, 에스빌딩)",127.2572291,36.4868089
크리미의원,의원,세종시,410000,세종시,"세종특별자치시 다정중앙로 46, 2층 (다정동)",127.2493067,36.494472
클레르피부과의원,의원,세종시,410000,세종시,"세종특별자치시 한누리대로 1820, 왕관빌딩 401,402,403-1호 (반곡동)",127.3127124,36.4981376
킹세종 이비인후과의원,의원,세종시,410000,세종시,"세종특별자치시 한누리대로 492, 청암빌딩 303,304호 (어진동)",127.2622919,36.5073947
태이재한의원,한의원,세종시,410000,세종시,"세종특별자치시 한누리대로 2009, 펠리체타워2 203호 (소담동)",127.3006829,36.4849314
태화당한의원,한의원,세종시,410000,세종시,"세종특별자치시 조치원읍 새내로 98, (조치원읍)",127.2986031,36.6005673
트리니움여성병원,병원,세종시,410000,세종시,"세종특별자치시 한누리대로 1934, 메인타워 (반곡동)",127.3035316,36.4916038
패밀리치과의원,치과의원,세종시,410000,세종시,"세종특별자치시 달빛로 47, 301호 (종촌동, 종촌파크프라자)",127.2499068,36.5031568
퍼스트아이소아청소년과의원,의원,세종시,410000,세종시,"세종특별자치시 갈매로 740, 201~207호 (해밀동)",127.2717978,36.5261395
퍼스트한의원,한의원,세종시,410000,세종시,"세종특별자치시 나성북로 30, 퍼스트원 628,629,630,631호 (나성동)",127.2602452,36.4890738
평강한의원,한의원,세종시,410000,세종시,"세종특별자치시 연기면 당산로 121, 2층",127.2768913,36.5446994
평화당한의원,한의원,세종시,410000,세종시,"세종특별자치시 새롬중앙로 47, 304호 (새롬동, 세움빌딩)",127.250789,36.4850028
플러스치과의원,치과의원,세종시,410000,세종시,"세종특별자치시 조치원읍 허만석로 60-1, (플러스타운 A동 201호)",127.2981251,36.5866994
핑크유외과의원,의원,세종시,410000,세종시,"세종특별자치시 한누리대로 492, 청암홈빌딩 501~504호 (어진동)",127.2622919,36.5073947
하나로내과의원,의원,세종시,410000,세종시,"세종특별자치시 조치원읍 새내로 102, 1,2층",127.2984244,36.6009557
하나의원,의원,세종시,410000,세종시,"세종특별자치시 조치원읍 조치원로 42, 1층",127.3015029,36.6014752
하늘소아청소년과의원,의원,세종시,410000,세종시,"세종특별자치시 한누리대로 1820, 왕관빌딩 314-2,315,404,405-1호 (반곡동)",127.3127124,36.4981376
하얀치과의원,치과의원,세종시,410000,세종시,"세종특별자치시 조치원읍 조치원로 30, (조치원읍)",127.3000126,36.6013511
한마음의원,의원,세종시,410000,세종시,"세종특별자치시 부강면 부강4길 10, (부강면)",127.3675392,36.5289674
한마음효요양병원,요양병원,세종시,410000,세종시,"세종특별자치시 조치원읍 금이로 53-11, (조치원읍)",127.2831172,36.6328463
한사랑메디칼의원,의원,세종시,410000,세종시,"세종특별자치시 누리로 106, 302호 (한솔동, 송원프라자)",127.2526343,36.4798521
한사랑산부인과의원,의원,세종시,410000,세종시,"세종특별자치시 조치원읍 새내로 122, (세종시네마 1동 301호, 302호, 303호, 304호,305호)",127.2981452,36.6028724
한사랑의원,의원,세종시,410000,세종시,"세종특별자치시 도움1로 106, 메가시티 501,505,506,507호 (종촌동)",127.2481238,36.502816
한솔퍼스트치과의원,치과의원,세종시,410000,세종시,"세종특별자치시 새롬중앙로 62-15, 201호 (새롬동, 해피라움W)",127.251249,36.486926
한솔한의원,한의원,세종시,410000,세종시,"세종특별자치시 누리로 110, 403,404호 (한솔동)",127.2530938,36.4799247
해들한의원,한의원,세종시,410000,세종시,"세종특별자치시 한누리대로 2265, 세종메디컬센터 302,303호 (대평동)",127.2771921,36.4720981
햇님한의원,한의원,세종시,410000,세종시,"세종특별자치시 소담1로 16, 지엘플렉스2 302호 (소담동)",127.3011073,36.4845761
행복경희한의원,한의원,세종시,410000,세종시,"세종특별자치시 고운서길 10, 303호 (고운동, 대현빌딩)",127.2352035,36.5055389
행복한의원,한의원,세종시,410000,세종시,"세종특별자치시 장군면 장척로 405-2, (장군면)",127.2055491,36.4974488
허브연합내과의원,의원,세종시,410000,세종시,"세종특별자치시 해밀3로 51, 스카이허브 303,304호 (해밀동)",127.2650247,36.5290997
허브힐한의원,한의원,세종시,410000,세종시,"세종특별자치시 해밀3로 51, 스카이허브 3층 301호 (해밀동)",127.2650247,36.5290997
현가한의원,한의원,세종시,410000,세종시,"세종특별자치시 조치원읍 새내10길 12, 2층",127.2990548,36.6002343
현대정형외과의원,의원,세종시,410000,세종시,"세종특별자치시 조치원읍 새내로 63, 2층",127.2985575,36.5976869
홍은표외과의원,의원,세종시,410000,세종시,"세종특별자치시 조치원읍 새내로 122, 메가박스 210~212호",127.2981452,36.6028724
화이트부부치과의원,치과의원,세종시,410000,세종시,"세종특별자치시 도움1로 108, 410.411호 (종촌동, 몰리브)",127.247577,36.5026384
화인마취통증의학과의원,의원,세종시,410000,세종시,"세종특별자치시 한누리대로 249, 에스제이타워 508,509호 (나성동)",127.2574385,36.4864392
황실치과의원,치과의원,세종시,410000,세종시,"세종특별자치시 한누리대로 2281, SM메디컬센터 410호 (대평동)",127.2759102,36.4712866
황용보건진료소,보건진료소,세종시,410000,세종시,"세종특별자치시  금남면 금남구즉로 487, (금남면)",127.3295508,36.480277
힘내라신경외과의원,의원,세종시,410000,세종시,"세종특별자치시 새롬중앙로 67, 503호,504호,505호,506호 (새롬동, 오렌지빌딩)",127.2502282,36.4868892
